"dmNumber","itemCode","serialNumber","getDifSerial","proformaInv","receiveDocs","received","repairable","additionInfo","lastEditor","rpa"
"DM62/027","37544965A","06B1629320-019","06B2098683-022","IM19/037","IM23/006",true,true,"","",""
"DM62/039","544965A","06C1749070-041","","IM62/033","IM20/011",true,true,"ได้คืนแล้วเป็นของใหม่ 1 EA","",""
"DM62/039","544965A","06F1871317-046","","IM62/033","-",true,true,"ได้คืนแล้วไม่มีข้อมูล IM No.","",""
"DM62/041","544965","08C1383517-023","","IM62/033","IM20/011",true,true,"ได้คืนแล้วเป็นของใหม่ 1 EA","",""
"DM62/042","544965A","06F1520340-007","","IM20/001","IM20/011",true,true,"","",""
"DM62/042","544965A","06K1758648-010","","IM20/001","IM20/022",true,true,"ได้คืนแล้วเป็นของใหม่ 1 EA","",""
"DM62/044","544965","06G1630663-025","","IM20/001","IM20/011",true,true,"","",""
"DM62/044","544965AF","06F1388059-013","","IM20/001","IM20/011",true,true,"","",""
"DM62/044","544965AF","06F1520340-011","","IM20/001","IM20/011",true,true,"","",""
"DM62/048","544965AF","06F1871317-021","","IM20/002","IM20/011",true,true,"","",""
"DM62/048","544965AF","06K1758647-031","","IM20/002","IM20/022",true,true,"ได้คืนแล้วเป็นของใหม่ 1 EA","",""
"DM62/048","544965AF","06A1863101-048","","IM20/002","IM20/022",true,true,"ได้คืนแล้วเป็นของใหม่ 1 EA","",""
"DM62/048","544965AF","06F1871317-016","","IM20/002","IM20/022",true,true,"ได้คืนแล้วเป็นของใหม่ 1 EA","",""
"DM62/048","544965AF","06M1279277-050","06M1279277-060","IM20/002","IM20/011",true,true,"","",""
"DM62/048","544965AF","06M1279277-034","","IM20/002","IM20/011",true,true,"","",""
"DM62/048","544965AF","06F1871317-015","","IM20/002","IM20/011",true,true,"","",""
"DM62/048","544965A","06B1629323-024","","IM20/002","IM20/022",true,true,"ได้คืนแล้วเป็นของใหม่ 1 EA","",""
"DM62/051","544965AF","06K1758645-017","","IM20/003","IM20/022",true,true,"ได้คืนแล้วเป็นของใหม่ 1 EA","",""
"DM63/002","544965AF","06M1526937-019","","IM20/003","IM20/010",true,true,"","",""
"DM63/002","544965","06A1863099-028","","IM20/003","IM20/022",true,true,"ได้คืนแล้วเป็นของใหม่ 1 EA","",""
"DM63/002","544965","06F1871317-028","","IM20/003","IM20/022",true,true,"ได้คืนแล้วเป็นของใหม่ 1 EA","",""
"DM63/002","544995AF","04K0800046-002","","IM20/003","IM20/010",true,true,"","",""
"DM63/004","544965AF","06A1863106-016","","IM20/004","IM20/022",true,true,"ได้คืนแล้วเป็นของใหม่ 1 EA","",""
"DM63/004","544995AF","06K1758647-021","","IM20/004","IM20/012",true,true,"","",""
"DM63/004","544965A","06A1883104-003","","IM20/004","IM20/012",true,true,"","",""
"DM63/004","544965","06A1863101-043","","IM20/004","IM20/022",true,true,"ได้คืนแล้วเป็นของใหม่ 1 EA","",""
"DM63/006","544965AF","06A1863104-049","","IM20/005","IM20/022",true,true,"ได้คืนแล้วเป็นของใหม่ 1 EA","",""
"DM63/006","544965A","06F1871335-040","","IM20/005","IM20/022",true,true,"ได้คืนแล้วเป็นของใหม่ 1 EA","",""
"DM63/006","544965A","06C1749074-018","","IM20/005","IM20/022",true,true,"ได้คืนแล้วเป็นของใหม่ 1 EA","",""
"DM63/007","544965AF","06K1758645-010","","IM20/007","IM20/014",true,true,"","",""
"DM63/007","544965AF","06K1156118-050","","IM20/007","IM20/014",true,true,"","",""
"DM63/007","544965AF","06K1758647-005","","IM20/007","IM20/014",true,true,"","",""
"DM63/007","544965A","06F1871317-018","","IM20/007","IM20/022",true,true,"ได้คืนแล้วเป็นของใหม่ 1 EA","",""
"DM62/024","544965A","06B1629322-019","","IM19/038","",false,null,"","",""
"DM62/025","544965","06K1758647-020","","IM19/038","",false,null,"","",""
"DM62/030","544965","06G1630663-022","","IM19/038","",false,null,"","",""
"DM63/011","544965AF","06F1871317-023","","IM19/038","IM20/022",true,true,"ได้คืนแล้วเป็นของใหม่ 1 EA","",""
"DM63/011","544965A","06K1758647-045","","IM19/038","IM20/023",true,true,"","",""
"DM63/012","544995A","06J0913633-048","","IM20/009","IM20/023",true,true,"","",""
"DM63/013","544995AF","06G0910738-033","","IM20/009","IM20/023",true,true,"","",""
"DM63/014","544965A","04J0800072-010","","IM20/009","IM20/023",true,true,"","",""
"DM63/014","544965A","06C1383517-019","","IM20/009","IM20/023",true,true,"","",""
"DM63/014","544965A","06C1383531-021","","IM20/009","IM20/023",true,true,"","",""
"DM63/014","544995A","03F1388087-010","","IM20/009","IM20/023",true,true,"","",""
"DM63/015","544965AF","06G16306630-008","","IM20/009","IM20/022",true,true,"ได้คืนแล้วเป็นของใหม่ 1 EA","",""
"DM63/015","544965A","06C1383518-029","","IM20/009","IM20/023",true,true,"","",""
"DM63/015","544965A","06F1871317-003","","IM20/009","IM20/022",true,true,"ได้คืนแล้วเป็นของใหม่ 1 EA","",""
"DM63/016","544965","06F1520340-014","","IM20/009","IM20/023",true,true,"","",""
"DM63/017","544965","06K1156853-031","","IM20/009","IM20/022",true,true,"","",""
"DM63/018","544965A","1995273-002","","IM20/009","IM20/023",true,true,"","",""
"DM63/024","544965AF","06A1863104-040","","IM20/013","IM20/022",true,true,"ได้คืนแล้วเป็นของใหม่ 1 EA","",""
"DM63/024","544965AF","06F1871333-047","","IM20/013","IM20/022",true,true,"ได้คืนแล้วเป็นของใหม่ 1 EA","",""
"DM63/025","544965AF","06C1985908-006","","IM20/014","IM20/022",true,true,"ได้คืนแล้วเป็นของใหม่ 1 EA","",""
"DM63/025","544965AF","06F1871334-047","","IM20/014","IM20/022",true,true,"ได้คืนแล้วเป็นของใหม่ 1 EA","",""
"DM63/026","544965AF","06D1750174-044","06B2098726-049","IM20/015","IM22/008",true,true,"ได้คืนแล้วเป็นของใหม่ 1 EA","",""
"DM63/026","544965A","06F1388055-042","","IM20/015","IM20/022",true,true,"","",""
"DM63/026","544965A","06C1749070-044","06B2098726-010","IM20/015","IM22/008",true,true,"ได้คืนแล้วเป็นของใหม่ 1 EA","",""
"DM63/026","544965AF","06F1871334-039","06B2098726-001","IM20/015","IM22/008",true,true,"ได้คืนแล้วเป็นของใหม่ 1 EA","",""
"DM63/027","544965AF","06F1871333-007","06B2098726","IM20/015","IM20/022",true,true,"","",""
"DM63/027","544965AF","06F1871317-033","06B2098726-047","IM20/015","IM22/008",true,true,"ได้คืนแล้วเป็นของใหม่ 1 EA","",""
"DM63/027","544965A","06D1750174-012","06B2098726-044","IM20/015","IM22/008",true,true,"ได้คืนแล้วเป็นของใหม่ 1 EA","",""
"DM63/027","544965","06F1871317-004","06B2098726","IM20/015","",false,null,"","",""
"DM63/028","544965AF","06M1279279-001","","IM20/015","IM20/022",true,true,"","",""
"DM63/030","544965AF","06F1871317-012","","IM20/016","IM21/002",true,true,"","",""
"DM63/030","544965AF","06F1871334-001","","IM20/016","",false,null,"","",""
"DM63/030","544965AF","06F1871331-011","","IM20/016","",false,null,"","",""
"DM63/030","544965AF","06F1871334-027","","IM20/016","IM21/002",true,true,"","",""
"DM63/030","544965","06F1871334-042","","IM20/016","",false,null,"","",""
"DM63/031","544965AF","NO SN.","","IM20/016","IM21/002",true,true,"","",""
"DM63/032","544965","06A1863102-022","","IM20/016","IM21/002",true,true,"","",""
"DM63/032","544965A","06B1629322-030","","IM20/016","IM21/002",true,true,"","",""
"DM63/032","544965AF","06F1871331-020","","IM20/016","",false,null,"","",""
"DM63/032","544965AF","06F1871335-042","","IM20/016","",false,null,"","",""
"DM63/032","544965AF","06F1871317-022","","IM20/016","IM21/002",true,true,"","",""
"DM63/033","544995A","06F0908532-005","","IM20/016","IM21/002",true,true,"","",""
"DM63/033","544965AF","06C1749074-041","","IM20/016","",false,null,"","",""
"DM63/033","544965AF","06K1758647-038","","IM20/016","IM21/002",true,true,"","",""
"DM63/033","544965AF","06C1985908-032","","IM20/016","",false,null,"","",""
"DM63/034","544965AF","06C1985908-001","","IM20/017","",false,null,"","",""
"DM63/034","544965A","06F1871331-028","","IM20/017","",false,null,"","",""
"DM63/034","544965A","06D1750174-019","","IM20/017","IM21/002",true,true,"","",""
"DM63/034","544965AF","06F1871334-006","","IM20/017","",false,null,"","",""
"DM63/036","544965A","06F1388059-013","","IM20/017","IM21/002",true,true,"","",""
"DM63/036","544965AF","06B1629322-032","","IM20/017","IM21/002",true,true,"","",""
"DM63/037","544965A","06C1383517-021","","IM20/018","IM21/002",true,true,"","",""
"DM63/037","544965A","06F1871334-044","","IM20/018","",false,null,"","",""
"DM63/037","544965A","06F1871331-026","","IM20/018","",false,null,"","",""
"DM63/039","544965AF","06F1871317-041","","IM20/019","IM21/004",true,true,"","",""
"DM63/039","544965AF","06F1388059-040","","IM20/019","IM21/004",true,true,"","",""
"DM63/039","544965A","06F1871317-025","","IM20/019","IM21/004",true,true,"","",""
"DM63/039","544965AF","06M1526937-007","","IM20/019","IM21/004",true,true,"","",""
"DM63/040","544965AF","06F1871332-005","","IM20/020","IM21/006",true,true,"ได้คืนแล้วเป็นของใหม่ 1 EA","",""
"DM63/040","544965A","06F1871331-012","","IM20/020","IM21/006",true,true,"ได้คืนแล้วเป็นของใหม่ 1 EA","",""
"DM63/040","544965AF","06A1863101-042","","IM20/020","IM21/006",true,true,"ได้คืนแล้วเป็นของใหม่ 1 EA","",""
"DM63/040","544965A","06C1749070-049","","IM20/020","IM21/004",true,true,"","",""
"DM63/041","544965","06B1629320-040","","IM20/020","IM21/006",true,true,"ได้คืนแล้วเป็นของใหม่ 1 EA","",""
"DM63/041","544965A","06C1749074-017","","IM20/020","IM21/004",true,true,"","",""
"DM63/041","544965AF","06F1989604-004","","IM20/020","IM21/006",true,true,"ได้คืนแล้วเป็นของใหม่ 1 EA","",""
"DM63/041","544965AF","06F1871317-011","","IM20/020","IM21/006",true,true,"ได้คืนแล้วเป็นของใหม่ 1 EA","",""
"DM63/042","544990A","06K1525307-028","","IM20/020","IM21/004",true,true,"","",""
"DM63/044","544965A","06F1871334-040","","IM20/021","IM21/006",true,true,"ได้คืนแล้วเป็นของใหม่ 1 EA","",""
"DM63/045","544965A","06F1871334-018","","IM20/22","",false,null,"","",""
"DM63/045","544965A","06F1871335-008","","IM20/22","",false,null,"","",""
"DM63/045","544965A","06F1871335-034","","IM20/22","",false,null,"","",""
"DM63/045","544965A","06F1871335-010","","IM20/22","",false,null,"","",""
"DM63/045","544965A","06C1383519-011","","IM20/22","IM21/003",true,true,"","",""
"DM63/045","544965A","06F1871334-048","","IM20/22","",false,null,"","",""
"DM63/046","544965AF","06F1871334-022","","IM20/22","",false,null,"","",""
"DM63/046","544965AF","06A1863104-008","","IM20/22","IM21/003",true,true,"","",""
"DM63/046","544965A","06D1750174-018","","IM20/22","IM21/003",true,true,"","",""
"DM63/047","544965A","06F1989624-001","","IM21/001","IM21/006",true,true,"","",""
"DM63/047","544965A","06F1871331-010","","IM21/001","IM21/006",true,true,"","",""
"DM63/047","544965A","06F1989623-042","","IM21/001","IM21/006",true,true,"","",""
"DM63/047","544965A","NO SN.","","IM21/001","IM21/006",true,true,"","",""
"DM63/047","544965A","06F1989623-019","","IM21/001","IM21/006",true,true,"","",""
"DM63/048","544965AF","06F1989621-020","06B2098726-002","IM21/001","IM22/008",true,true,"ได้คืนแล้วเป็นของใหม่ 1 EA","",""
"DM63/048","544965A","06C1749070-017","","IM21/001","IM21/006",true,true,"","",""
"DM63/048","544965A","06F1989623-012","","IM21/001","IM21/006",true,true,"","",""
"DM63/048","544965AF","06F1871334-043","","IM21/001","",false,null,"","",""
"DM63/049","544965A","06A1863104-003","","IM21/001","",false,null,"","",""
"DM63/049","544965","06B1629324-033","","IM21/001","IM21/006",true,true,"","",""
"DM63/049","544965","06C1383517-004","","IM21/001","IM21/006",true,true,"","",""
"DM63/049","544965A","06G1630663-025","","IM21/001","IM21/006",true,true,"","",""
"DM63/050","544965A","06C1985915-008","","IM21/002","",false,null,"","",""
"DM63/050","544965","06L1036881-033","","IM21/002","IM21/006",true,true,"","",""
"DM63/050","544965A","06A1863104-008","","IM21/002","IM21/006",true,true,"","",""
"DM63/050","544965A","06C1985934-014","","IM21/002","",false,null,"","",""
"DM64/001","544965A","06F1989604-014","","IM21/002","IM21/006",true,true,"","",""
"DM64/002","544965AF","06F1989593-030","","IM21/003","",false,null,"","",""
"DM64/002","544965A","06F1989604-031","","IM21/003","IM21/007",true,true,"","",""
"DM64/003","544965","06F1871332-023","","IM21/003","IM21/007",true,true,"","",""
"DM64/003","544965A","06F1520340-011","","IM21/003","",false,null,"","",""
"DM64/003","544965A","06G1990523-017","","IM21/003","",false,null,"","",""
"DM64/004","544965A","06C1749070-023","","IM21/003","",false,null,"","",""
"DM64/004","544965A","1995279-019","","IM21/003","IM21/005",true,true,"","",""
"DM64/005","544965","06C1383517-025","","IM21/003","IM21/005",true,true,"","",""
"DM64/005","544965","06F1671334-034","","IM21/003","",false,null,"","",""
"DM64/005","544965AF","06K1758645-030","","IM21/003","",false,null,"","",""
"DM64/006","544990AF","06A1261346-047","","IM21/003","IM21/005",true,true,"","",""
"DM64/006","544965A","06F1989624-017","","IM21/003","IM21/005",true,true,"","",""
"DM64/006","544965A","06A1863105-004","","IM21/003","IM21/005",true,true,"","",""
"DM64/007","544965A","06A1863108-014","06A1863106-014","IM21/004","IM22/002",true,true,"","",""
"DM64/007","544965AF","06K1768648-011","","IM21/004","",false,null,"","",""
"DM64/007","544965AF","06F1871331-031","","IM21/004","IM22/002",true,true,"","",""
"DM64/007","544965A","06K1758647-045","","IM21/004","",false,null,"","",""
"DM64/008","544965A","06M1526937-008","","IM21/004","IM22/002",true,true,"","",""
"DM64/008","544965AF","06B2098676-050","","IM21/004","IM22/002",true,true,"","",""
"DM64/008","544965A","06C1383517-023","","IM21/004","IM22/002",true,true,"","",""
"DM64/008","544965A","06C1985915-028","","IM21/004","IM22/002",true,true,"","",""
"DM64/009","544965AF","06F1871334-026","","IM21/004","IM22/002",true,true,"","",""
"DM64/009","544965AF","06G1990523-003","","IM21/004","",false,null,"","",""
"DM64/009","544965AF","06C1498880-002","","IM21/004","IM22/002",true,true,"","",""
"DM64/009","544965A","06F1989620-022","","IM21/004","",false,null,"","",""
"DM64/010","544965AF","NO SN.","","IM21/004","IM22/006",true,true,"","",""
"DM64/010","544965AF","06B1498880-005","","IM21/004","IM22/002",true,true,"","",""
"DM64/010","544965AF","06K1758648-020","","IM21/004","IM22/002",true,true,"","",""
"DM64/011","544965A","06F1989604-040","","IM21/006","",false,null,"","",""
"DM64/011","544965A","06F1989604-006","","IM21/006","IM22/003",true,true,"","",""
"DM64/011","544965","06K1758645-012","","IM21/006","IM22/003",true,true,"นำไปสลับกับสินค้าใหม่(ห้อยA)ใน Stock เป็นตัวธรรมดาเพื่อขาย 06B2098732-031","",""
"DM64/012","544965A","06B1629323-017","","IM21/006","IM22/003",true,true,"","",""
"DM64/012","544965AF","06G1990523-022","","IM21/006","",false,null,"","",""
"DM64/013","544965","06F1989618-008","","IM21/007","IM22/009",true,true,"สลับของใหม่ห้อย A ใน Stock 06J2140642-020","",""
"DM64/015","544965A","06F1871334-016","","IM21/007","",false,null,"","",""
"DM64/015","544965A","06L1036878-028","06L1036878-026","IM21/007","IM22/009",true,true,"","",""
"DM64/015","544965AF","06L1036878-050","","IM21/007","IM22/009",true,true,"","",""
"DM64/015","544965AF","06C1383531-024","","IM21/007","IM22/009",true,true,"","",""
"DM64/017","544965A","06B1498880-008","","IM21/007","IM22/009",true,true,"","",""
"DM64/017","544965A","06A1863109-016","","IM21/007","",false,null,"","",""
"DM64/018","544965A","06F1871335-047","","IM21/007","",false,null,"","",""
"DM64/018","544965A","06F1989593-003","","IM21/007","IM22/009",true,true,"","",""
"DM64/018","544965A","06F1988593-036","","IM21/007","",false,null,"","",""
"DM64/018","544965A","06F1989623-036","","IM21/007","",false,null,"","",""
"DM64/019","544965A","06K1758647-039","","IM21/007","IM22/009",true,true,"","",""
"DM64/019","544965A","06B1020199-043","","IM21/007","IM22/009",true,true,"","",""
"DM64/019","544965A","06F1989593-002","06F1989543-002","IM21/007","IM22/009",true,true,"","",""
"DM64/019","544995A","06F1388087-009","","IM21/007","IM22/009",true,true,"","",""
"DM64/020","544965","06C1264964-022","","IM21/007","IM22/009",true,true,"","",""
"DM64/020","544965A","06B2098718-035","","IM21/007","",false,null,"","",""
"DM64/021","544965A","06F1989593-013","","IM21/007","IM22/009",true,true,"","",""
"DM64/021","544965AF","06K1756647-023","","IM21/007","",false,null,"","",""
"DM64/021","544965AF","06M0917169-005","","IM21/007","IM22/009",true,true,"","",""
"DM64/022","544965A","06B2098676-011","","IM21/009","",false,null,"","",""
"DM64/022","544965A","06K1156853-003","","IM21/009","IM22/001",true,true,"","",""
"DM64/022","544995AF","06C1749123-032","","IM21/009","IM22/001",true,true,"","",""
"DM64/023","544965A","06B2098675-011","","IM21/009","",false,null,"","",""
"DM64/023","544965A","06B2098732-012","","IM21/009","IM22/001",true,true,"","",""
"DM64/023","544965A","06F1989604-005","","IM21/009","IM22/001",true,true,"","",""
"DM64/025","544965A","06F1871331-039","","IM21/009","",false,null,"","",""
"DM64/025","544965AF","06F1989623-017","","IM21/009","IM22/001",true,true,"","",""
"DM64/027","544965A","06F1871317-041","","IM21/009","",false,null,"","",""
"DM64/027","544965AF","06C1264964-027","","IM21/009","IM22/001",true,true,"","",""
"DM64/027","544965A","06A1863104-004","","IM21/009","IM22/001",true,true,"","",""
"DM64/027","544965AF","06F1989623-039","","IM21/009","IM22/001",true,true,"","",""
"DM64/027","544995A","06E1268213-018","","IM21/009","IM22/001",true,true,"","",""
"DM64/028","544965AF","06F1989620-041","","IM21/012","",false,null,"","",""
"DM64/028","544965A","06F1989623-016","","IM21/012","IM22/006",true,true,"","",""
"DM64/028","544965A","06A1863105-006","","IM21/012","IM22/006",true,true,"","",""
"DM64/028","544965A","06M1279277-046","","IM21/012","IM22/006",true,true,"","",""
"DM64/029","544965A","06B1629324-030","","IM21/012","IM22/006",true,true,"","",""
"DM64/029","544965A","06K1156853-026","","IM21/012","IM22/006",true,true,"","",""
"DM64/029","544965A","06F1871325-023","","IM21/012","",false,null,"","",""
"DM64/029","544965A","06C1383518-042","","IM21/012","IM22/006",true,true,"","",""
"DM64/029","544995A","1995305-044","","IM21/012","IM22/006",true,true,"","",""
"DM64/030","544965A","06F1871331-033","","IM21/012","",false,null,"","",""
"DM64/030","544990A","06J1274433-045","","IM21/012","IM22/006",true,true,"","",""
"DM64/030","544995A","3375711-024","","IM21/012","IM22/006",true,true,"","",""
"DM64/030","544965A","06D1750174-040","","IM21/012","IM22/006",true,true,"","",""
"DM64/031","544965A","06F1871317-022","","IM21/012","IM22/006",true,true,"","",""
"DM64/031","544965A","06F1989604-026","","IM21/012","",false,null,"","",""
"DM64/031","544965A","06F1989604-047","","IM21/012","IM22/006",true,true,"","",""
"DM64/031","544965A","06M0917162-010","","IM21/012","",false,null,"","",""
"DM64/032","544995A","06C1749126-038","","IM21/012","IM22/006",true,true,"","",""
"DM64/032","544965A","06C1383531-022","","IM21/012","IM22/006",true,true,"","",""
"DM64/032","544965A","06F1989588-039","","IM21/012","IM22/006",true,true,"","",""
"DM64/032","544965A","06A1863104-014","","IM21/012","IM22/006",true,true,"","",""
"DM64/032","544965A","06F1989624-012","","IM21/012","IM22/006",true,true,"","",""
"DM64/033","544965A","06C1749070-008","","IM21/012","IM22/006",true,true,"","",""
"DM64/034","544965AF","06A1863104-008","","IM21/012","IM22/006",true,true,"","",""
"DM64/034","544965A","06F1989623-049","","IM21/012","",false,null,"","",""
"DM64/034","544965A","06C1264963-030","","IM21/012","IM22/006",true,true,"","",""
"DM64/034","544965A","06M0917162-012","","IM21/012","IM22/006",true,true,"","",""
"DM64/034","544965AF","06F1989621-019","","IM21/012","IM22/006",true,true,"","",""
"DM64/036","544965AF","06F1388059-008","","IM21/012","IM22/006",true,true,"","",""
"DM64/036","544965A","06A1863104-001","","IM21/012","IM22/006",true,true,"","",""
"DM64/036","544965AF","06B2098676-010","","IM21/012","",false,null,"","",""
"DM64/037","544965A","06F1871334-050","","IM21/012","IM22/006",true,true,"","",""
"DM64/037","544965AF","06F1989623-044","","IM21/012","IM22/006",true,true,"","",""
"DM64/037","544965AF","06F1871317-034","","IM21/012","",false,null,"","",""
"DM64/037","544965AF","06C1264964-009","","IM21/012","IM22/006",true,true,"","",""
"DM64/038","37544965A","06F1871333-050","","IM22-001","",false,null,"","",""
"DM64/038","37544965A","06F1989618-035","","IM22-001","",false,null,"","",""
"DM64/038","37544995AF","06B1865379-005","","IM22-001","",false,null,"","",""
"DM64/039","37544965A","06B2098717-012","","IM22-001","",false,null,"","",""
"DM64/039","37544965A","06K1758647-038","","IM22-001","",false,null,"","",""
"DM64/040","37544965A","06F1871317-008","","IM22-001","",false,null,"","",""
"DM64/040","37544965AF","06F1989620-034","","IM22-001","",false,null,"","",""
"DM64/040","37544965A","06F1989623-013","","IM22-001","",false,null,"","",""
"DM64/040","37544965A","06K1758645-011","","IM22-001","",false,null,"","",""
"DM64/041","37544995A","06G0910738-023","","IM22-001","",false,null,"","",""
"DM64/041","37544965A","06G1990523-010","","IM22-001","",false,null,"","",""
"DM64/041","37544965A","06G1990523-021","","IM22-001","",false,null,"","",""
"DM64/041","37544965A","06B2098675-047","","IM22-001","",false,null,"","",""
"DM64/042","37544965AF","06B2098717-026","","IM22-001","",false,null,"","",""
"DM65/001","37544965A","06B2098717-002","","IM22-002","IM22/007",true,true,"","",""
"DM65/001","37544965A","06B2098722-019","","IM22-002","IM22/007",true,true,"","",""
"DM65/001","37544965AF","04J0800072-014","","IM22-002","IM22/007",true,true,"","",""
"DM65/001","37544965A","06C1749070-048","","IM22-002","IM22/007",true,true,"","",""
"DM65/002","37544965A","06H1031907-028","","IM22-002","IM22/007",true,true,"","",""
"DM65/003","37544965AF","06F1871334-021","","IM22-002","IM22/007",true,true,"","",""
"DM65/003","37544965A","06F1989624-017","","IM22-002","IM22/007",true,true,"","",""
"DM65/003","37544965AF","06B1498880-004","","IM22-002","IM22/007",true,true,"","",""
"DM65/003","37544965AF","06C1383519-010","","IM22-002","IM22/007",true,true,"","",""
"DM65/004","37544965AF","06F1871334-027","","IM22-002","IM22/007",true,true,"","",""
"DM65/004","37544965A","06F1989624-028","","IM22-002","IM22/007",true,true,"","",""
"DM65/004","37544965A","06B2098718-004","","IM22-002","IM22/007",true,true,"","",""
"DM65/004","37544965A","06B2098675-009","","IM22-002","IM22/007",true,true,"","",""
"DM65/005","37544995A","06G0910733-037","","IM22-002","IM22/007",true,true,"","",""
"DM65/005","37544965A","06F1871317-025","","IM22-002","IM22/007",true,true,"","",""
"DM65/005","37544965A","06F1989618-006","","IM22-002","IM22/007",true,true,"","",""
"DM65/005","37544965A","06F1871325-001","","IM22-002","IM22/007",true,true,"","",""
"DM65/005","37544965A","06F1989624-042","","IM22-002","IM22/007",true,true,"","",""
"DM65/006","37544965AF","06F1871331-021","","IM22-003","IM22/007",true,true,"","",""
"DM65/006","37544965AF","06B2098717-037","","IM22-003","IM22/007",true,true,"","",""
"DM65/006","37544965A","06F1871317-012","","IM22-003","IM22/007",true,true,"","",""
"DM65/007","37544965A","06F1989624-036","","IM22-003","IM22/007",true,true,"","",""
"DM65/007","37544965A","06F1989604-033","","IM22-003","IM22/007",true,true,"","",""
"DM65/007","37544965A","06F1989624-048","","IM22-003","IM22/007",true,true,"","",""
"DM65/007","37544965A","06B2098722-013","","IM22-003","IM22/007",true,true,"","",""
"DM65/007","37544965D","06K1758647-032","","IM22-003","IM22/007",true,true,"","",""
"DM65/008","37544965A","06F1871332-023","","IM22-003","IM22/007",true,true,"","",""
"DM65/008","37544965A","06M1279277-041","06M1127927-041","IM22-003","IM22/007",true,true,"","",""
"DM65/008","37544965A","06F1989604-031","","IM22-003","IM22/007",true,true,"","",""
"DM65/009","37544965A","06F1989624-026","","IM22-004","IM22/010",true,true,"","",""
"DM65/009","37544965A","06B2098727-045","","IM22-004","IM22/010",true,true,"","",""
"DM65/009","37544965A","06B2098727-044","","IM22-004","IM22/010",true,true,"","",""
"DM65/009","37544965AF","06F1871335-015","","IM22-004","IM22/010",true,true,"","",""
"DM65/010","37544965A","06B2098675-033","","IM22-004","IM22/010",true,true,"","",""
"DM65/010","37544965A","06G1630663-003","","IM22-004","IM22/010",true,true,"","",""
"DM65/010","37544965A","06C1264964-034","","IM22-004","IM22/010",true,true,"","",""
"DM65/010","37544965A","06B2098718-008","","IM22-004","IM22/010",true,true,"","",""
"DM65/011","37544965AF","06B2098717-017","","IM22-005","IM22/010",true,true,"","",""
"DM65/011","37544965AF","06B2098732-036","","IM22-005","IM22/010",true,true,"","",""
"DM65/011","37544965AF","06F1989603-018","","IM22-005","IM22/010",true,true,"","",""
"DM65/011","37544965A","06F1989603-019","","IM22-005","IM22/010",true,true,"","",""
"DM65/011","37544965A","06F1989623-022","","IM22-005","IM22/010",true,true,"","",""
"DM65/012","37544965A","06B2098731-050","","IM22-005","IM22/010",true,true,"","",""
"DM65/012","37544965A","06F1871334-049","","IM22-005","IM22/010",true,true,"","",""
"DM65/012","37544965A","06B2098718-007","","IM22-005","IM22/010",true,true,"","",""
"DM65/012","37544965A","06F1871325-039","","IM22-005","IM22/010",true,true,"","",""
"DM65/013","37544995A","06F1388093-017","","IM22-005","IM22/010",true,true,"","",""
"DM65/013","37544995A","06C1749126-050","06C1749126-060","IM22-005","IM22/010",true,true,"","",""
"DM65/014","37544965A","06C1383518-041","","IM22-005","IM22/010",true,true,"","",""
"DM65/014","37544965A","06B2098717-041","","IM22-005","IM22/010",true,true,"","",""
"DM65/015","37544965AF","06K1758647-005","","IM22-006","IM22/010",true,true,"","",""
"DM65/015","37544965A","06B2098722-024","","IM22-006","IM22/010",true,true,"","",""
"DM65/015","37544965A","06B2098708-026","","IM22-006","IM22/010",true,true,"","",""
"DM65/015","37544965A","06F1989604-006","","IM22-006","IM22/010",true,true,"","",""
"DM65/015","37544965A","06M1279277-025","","IM22-006","IM22/010",true,true,"","",""
"DM65/016","37544965AF","06F1871331-040","","IM22-006","IM22/010",true,true,"","",""
"DM65/016","37544965AF","06K1758648-040","","IM22-006","IM22/010",true,true,"","",""
"DM65/016","37544965A","06B2098716-041","","IM22-006","IM22/010",true,true,"","",""
"DM65/016","37544965A","06B2098732-008","","IM22-006","IM22/010",true,true,"","",""
"DM65/016","37544965A","06F1989618-022","","IM22-006","IM22/010",true,true,"","",""
"DM65/017","37544965A","06B2098717-030","","IM22-006","IM22/010",true,true,"","",""
"DM65/017","37544965A","06B2098716-010","","IM22-006","IM22/010",true,true,"","",""
"DM65/017","37544965A","06B2098717-038","","IM22-006","IM22/010",true,true,"","",""
"DM65/017","37544965A","06A1496899-007","","IM22-006","IM22/010",true,true,"","",""
"DM65/018","37544995AF","06E1268204-045","06E1266204-045","IM22-006","IM22/010",true,true,"","",""
"DM65/018","37544965A","06B2098708-010","","IM22-006","IM22/010",true,true,"","",""
"DM65/018","37544965A","06B2098717-032","","IM22-006","IM22/010",true,true,"","",""
"DM65/019","37544965A","06B2098717-042","","IM22-011","IM22/015",true,false,"ซ่อมไม่ได้","",""
"DM65/019","37544965A","06F1989623-004","","IM22-011","IM22/015",true,false,"ซ่อมไม่ได้","",""
"DM65/019","37544965A","06A1018199-018","","IM22-011","IM22/015",true,false,"ซ่อมไม่ได้","",""
"DM65/020","37544965A","06C1383518-048","","IM22-011","IM22/015",true,false,"ซ่อมไม่ได้","",""
"DM65/020","37544965A","06C1264963-024","","IM22-011","IM22/015",true,false,"ซ่อมไม่ได้","",""
"DM65/020","37544965A","06G1990523-005","","IM22-011","IM22/015",true,false,"ซ่อมไม่ได้","",""
"DM65/025","37544965A","06B2098708-018","","IM22-012","IM22/015",true,false,"ซ่อมไม่ได้","",""
"DM65/025","37544965A","06F1871332-030","","IM22-012","IM22/015",true,false,"ซ่อมไม่ได้","",""
"DM65/025","37544965A","06C1985915-009","","IM22-012","IM22/015",true,false,"ซ่อมไม่ได้","",""
"DM65/025","37544965A","04J0800072-011","","IM22-012","IM22/015",true,true,"","",""
"DM65/026","37544990A","06M1644567-009","","IM22-009","IM22/013",true,true,"","",""
"DM65/026","37544990A","06C1383743-004","","IM22-009","IM22/013",true,true,"","",""
"DM65/026","37544965A","06B2098732-012","","IM22-009","IM22/013",true,false,"ซ่อมไม่ได้","",""
"DM65/027","37544965A","06F1871334-032","","IM22-009","IM22/013",true,false,"ซ่อมไม่ได้","",""
"DM65/027","37544965A","06F1871335-038","","IM22-009","IM22/013",true,false,"ซ่อมไม่ได้","",""
"DM65/027","37544965A","06K1758645-020","06K1758845-020","IM22-009","IM22/013",true,true,"","",""
"DM65/027","37544965A","06A1863105-024","","IM22-009","IM22/013",true,true,"","",""
"DM65/027","37544965A","06B2098676-022","","IM22-009","IM22/013",true,false,"ซ่อมไม่ได้","",""
"DM65/028","37544965A","06B1629322-033","","IM22-009","IM22/013",true,true,"","",""
"DM65/028","37544965A","06G1630664-045","","IM22-009","IM22/013",true,true,"","",""
"DM65/028","37544965A","06K1758645-032","","IM22-009","IM22/013",true,true,"","",""
"DM65/028","37544965A","06M1525937-016","06M1526937-016","IM22-009","IM22/013",true,true,"","",""
"DM65/030","37544965A","06K1758647-030","","IM22-012","IM22/015",true,false,"ซ่อมไม่ได้","",""
"DM65/030","37544965A","06F1520340-009","","IM22-012","IM22/015",true,true,"","",""
"DM65/030","37544965A","06F1989623-007","","IM22-012","IM22/015",true,true,"","",""
"DM65/030","37544965A","06F1989623-021","","IM22-012","IM22/015",true,true,"","",""
"DM65/030","37544965A","06F1871333-007","","IM22-012","IM22/015",true,false,"ซ่อมไม่ได้","",""
"DM65/033","37544965A","06G1990523-009","","IM22/013","IM22/015",true,true,"","",""
"DM65/033","37544965A","06F1989604-009","","IM22/013","IM22/015",true,true,"","",""
"DM65/033","37544965A","04J0800157-019","","IM22/013","IM22/015",true,true,"","",""
"DM65/034","37544965AF","06F1871335-049","","IM22/013","IM22/015",true,false,"ซ่อมไม่ได้","",""
"DM65/034","37544965A","06F1989618-012","","IM22/013","IM22/015",true,true,"","",""
"DM65/034","37544965A","06B2098675-013","","IM22/013","IM22/015",true,false,"ซ่อมไม่ได้","",""
"DM65/034","37544965A","06K1758647-021","","IM22/013","IM22/015",true,false,"ซ่อมไม่ได้","",""
"DM65/034","37544965A","06B2098676-027","","IM22/013","IM22/015",true,false,"ซ่อมไม่ได้","",""
"DM65/035","37544995A","04K0800046-001","","IM22/013","IM22/015",true,true,"","",""
"DM65/035","37544965AF","06F1989623-005","","IM22/013","IM22/015",true,true,"","",""
"DM65/035","37544965AF","06C1749074-044","","IM22/013","IM22/015",true,false,"ซ่อมไม่ได้","",""
"DM65/035","37544965A","06C1261964-049","","IM22/013","IM22/015",true,true,"","",""
"DM65/035","37544965A","06A1863105-045","","IM22/013","IM22/015",true,false,"ซ่อมไม่ได้","",""
"DM65/036","37544965A","06F1871335-017","","IM22/015","IM22/015",true,false,"ซ่อมไม่ได้","",""
"DM65/036","37544965A","06C1985915-048","","IM22/015","IM22/015",true,true,"","",""
"DM65/036","37544965A","06F1871333-029","","IM22/015","IM22/015",true,true,"","",""
"DM65/036","37544965A","06A1863104-004","","IM22/015","IM22/015",true,true,"","",""
"DM65/037","37544965A","06K1758647-029","","IM22-016","IM23-004",true,false,"ซ่อมไม่ได้","",""
"DM65/037","37544965AF","06B2098676-034","","IM22-016","IM23-004",true,false,"ซ่อมไม่ได้","",""
"DM65/037","37544965A","06F1989624-021","","IM22-016","IM23-004",true,false,"ซ่อมไม่ได้","",""
"DM65/037","37544965A","06F1871317-049","","IM22-016","IM23-004",true,false,"ซ่อมไม่ได้","",""
"DM65/037","37544965AF","06A1863104-008","","IM22-016","IM23-004",true,true,"","",""
"DM65/038","37544965A","06M1279277-012","","IM22-016","IM23-004",true,false,"ซ่อมไม่ได้","",""
"DM65/038","37544965A","06C0910000-047","06G0910000-047","IM22-016","IM23-004",true,false,"ซ่อมไม่ได้","",""
"DM65/038","37544965A","06B1629322-010","06B1029322-010","IM22-016","IM23-004",true,true,"","",""
"DM65/038","37544965A","06C1264964-031","","IM22-016","IM23-004",true,false,"ซ่อมไม่ได้","",""
"DM65/038","37544965AF","966540-030","","IM22-016","IM23-004",true,true,"","",""
"DM65/038","37544965A","06F1989624-011","","IM22-016","IM23-004",true,false,"ซ่อมไม่ได้","",""
"DM65/039","37544965A","06G1630663-024","","IM22-016","IM23-004",true,false,"ซ่อมไม่ได้","",""
"DM65/039","37544965A","06A1863105-006","","IM22-016","IM23-004",true,false,"ซ่อมไม่ได้","",""
"DM65/039","37544965A","06B2098716-035","","IM22-016","IM23-004",true,false,"ซ่อมไม่ได้","",""
"DM65/039","37544995A","3385956-049","","IM22-016","IM23-004",true,true,"","",""
"DM65/039","37544965A","06M1279277-044","","IM22-016","IM23-004",true,false,"ซ่อมไม่ได้","",""
"DM65/040","37544965A","06D1750174-042","","IM22-016","IM23-004",true,false,"ซ่อมไม่ได้","",""
"DM65/040","37544965A","06K2005167-043","","IM22-016","IM23-004",true,false,"ซ่อมไม่ได้","",""
"DM65/040","37544965AF","06K1758647-047","","IM22-016","IM23-004",true,true,"","",""
"DM65/041","37544965A","06C1261964-030","06C1264954-030","IM22-017","IM23-004",true,true,"","",""
"DM65/041","37544995A","06J1638584-019","","IM22-017","IM23-004",true,true,"","",""
"DM65/042","37544965A","06B2098676-047","","IM22-017","IM23-004",true,false,"ซ่อมไม่ได้","",""
"DM65/042","37544965AF","06K1758647-006","","IM22-017","IM23-004",true,true,"","",""
"DM65/042","37544965A","06B2098722-009","","IM22-017","IM23-004",true,false,"ซ่อมไม่ได้","",""
"DM65/042","37544965A","06B2098726-007","","IM22-017","IM23-004",true,false,"ซ่อมไม่ได้","",""
"DM65/043","37544965A","06F1989624-046","","IM22-018","IM23-004",true,true,"","",""
"DM65/043","37544965A","06F1871317-010","","IM22-018","IM23-004",true,false,"ซ่อมไม่ได้","",""
"DM65/043","37544965A","06B2098718-028","","IM22-018","IM23-004",true,false,"ซ่อมไม่ได้","",""
"DM65/043","37544995","06J1638584-028","","IM22-018","IM23-004",true,false,"ซ่อมไม่ได้","",""
"DM65/044","37544965AF","06K1156853-026","","IM22-019","IM23/008",true,false,"ซ่อมไม่ได้","",""
"DM65/044","37544965A","06E2002042-011","","IM22-019","IM23/008",true,true,"","",""
"DM65/044","37544965AF","06C1985908-003","","IM22-019","IM23/008",true,false,"ซ่อมไม่ได้","",""
"DM65/044","37544965AF","06F1388059-049","","IM22-019","IM23/008",true,true,"","",""
"DM65/044","37544990A","06K1525307-029","","IM22-019","IM23/008",true,false,"ซ่อมไม่ได้","",""
"DM65/045","37544965A","06B2098717-008","","IM22-019","IM23/008",true,false,"ซ่อมไม่ได้","",""
"DM65/045","37544965A","06A1863106-010","","IM22-019","IM23/008",true,true,"","",""
"DM65/045","37544965A","06F1989624-025","","IM22-019","IM23/008",true,false,"ซ่อมไม่ได้","",""
"DM65/045","37544965A","06F1989618-001","","IM22-019","IM23/008",true,true,"","",""
"DM65/045","37544965AF","06K1156853-005","","IM22-019","IM23/008",true,false,"ซ่อมไม่ได้","",""
"DM65/046","37544965A","06B1498880-008","","IM22-020","IM23/008",true,false,"ซ่อมไม่ได้","",""
"DM65/046","37544965A","06B2098717-003","","IM22-020","IM23/008",true,false,"ซ่อมไม่ได้","",""
"DM65/046","37544965A","06F1520340-024","","IM22-020","IM23/008",true,false,"ซ่อมไม่ได้","",""
"DM65/046","37544965A","06B2098675-033","","IM22-020","IM23/008",true,false,"ซ่อมไม่ได้","",""
"DM65/046","37544965A","06F1871335-026","","IM22-020","IM23/008",true,true,"","",""
"DM65/048","37544995A","06K1758702-028","","IM23-001","IM23/011",true,true,"","",""
"DM65/048","37544965AF","06B2098717-027","","IM23-001","IM23/011",true,true,"","",""
"DM65/048","37544965A","06B2098717-040","","IM23-001","IM23/011",true,false,"ซ่อมไม่ได้","",""
"DM65/048","37544965A","06F1871334-029","","IM23-001","IM23/011",true,true,"","",""
"DM65/048","37544965A","06B2098727-032","","IM23-001","IM23/011",true,false,"ซ่อมไม่ได้","",""
"DM65/049","37544965A","06B2098676-021","","IM23-001","IM23/011",true,false,"ซ่อมไม่ได้","",""
"DM65/049","37544965A","06B1020199-043","","IM23-001","IM23/011",true,false,"ซ่อมไม่ได้","",""
"DM65/049","37544965AF","06B2098676-050","","IM23-001","IM23/011",true,false,"ซ่อมไม่ได้","",""
"DM65/049","37544965AF","06B2098726-048","","IM23-001","IM23/011",true,false,"ซ่อมไม่ได้","",""
"DM65/050","37544965A","06C1985908-013","","IM23-002","IM23/011",true,false,"ซ่อมไม่ได้","",""
"DM65/050","37544965A","06F1989604-041","","IM23-002","IM23/011",true,false,"ซ่อมไม่ได้","",""
"DM65/050","37544965A","06F1871317-031","","IM23-002","IM23/011",true,false,"ซ่อมไม่ได้","",""
"DM65/050","37544995A","06M1279288-047","06M279288-047","IM23-002","IM23/011",true,true,"","",""
"DM65/051","37544965AF","06F1871333-026","","IM23-003","IM23/011",true,false,"ซ่อมไม่ได้","",""
"DM65/051","37544965AF","06F1871334-041","","IM23-003","IM23/011",true,false,"ซ่อมไม่ได้","",""
"DM65/051","37544965AF","06K1758647-025","","IM23-003","IM23/011",true,true,"","",""
"DM65/051","37544965AF","06B2098675-027","","IM23-003","IM23/011",true,true,"","",""
"DM65/051","37544965AF","06B2098731-039","","IM23-003","IM23/011",true,true,"","",""
"DM65/051","37544965AF","06F1871334-005","","IM23-003","IM23/011",true,false,"ซ่อมไม่ได้","",""
"DM65/052","37544965A","06G1630663-004","","IM23-003","IM23/011",true,false,"ซ่อมไม่ได้","",""
"DM65/052","37544965A","06F1871335-045","","IM23-003","IM23/011",true,false,"ซ่อมไม่ได้","",""
"DM65/052","37544965A","06F1989624-009","","IM23-003","IM23/011",true,false,"ซ่อมไม่ได้","",""
"DM65/052","37544965A","06F1871334-011","","IM23-003","IM23/011",true,false,"ซ่อมไม่ได้","",""
"DM65/052","37544965A","06B2098732-004","","IM23-003","IM23/011",true,true,"","",""
"DM65/052","37544965AF","06B2098717-039","","IM23-003","IM23/011",true,false,"ซ่อมไม่ได้","",""
"DM65/052","37544965A","06F1871335-027","","IM23-003","IM23/011",true,false,"ซ่อมไม่ได้","",""
"DM66/001","37544965AF","06K2005167-004","","IM23-004","IM23/011",true,true,"","",""
"DM66/001","37544965A","06E2002042-023","","IM23-004","IM23/011",true,true,"","",""
"DM66/002","37544965A","06B2098731-047","","IM23-004","IM23/011",true,false,"ซ่อมไม่ได้","",""
"DM66/002","37544965A","06K1758646-049","","IM23-004","IM23/011",true,true,"","",""
"DM66/002","37544965A","06K1758645-028","","IM23-004","IM23/011",true,true,"","",""
"DM66/004","37544965A","06E2002045-033","","IM22-005","IM23/011",true,false,"ซ่อมไม่ได้","",""
"DM66/004","37544965A","06A1863105-024","","IM22-005","IM23/011",true,false,"ซ่อมไม่ได้","",""
"DM66/004","37544965A","06B2088675-009","","IM22-005","IM23/011",true,false,"ซ่อมไม่ได้","",""
"DM66/004","37544965A","06F1871333-040","","IM22-005","IM23/011",true,false,"ซ่อมไม่ได้","",""
"DM66/005","37544995A","06E1268209-037","","IM22-005","IM23/011",true,false,"ซ่อมไม่ได้","",""
"DM66/005","37544965A","06E2002042-015","","IM22-005","IM23/011",true,false,"ซ่อมไม่ได้","",""
"DM66/005","37544965A","06F1989624-017","","IM22-005","IM23/011",true,false,"ซ่อมไม่ได้","",""
"DM66/005","37544965A","06K1758646-032","","IM22-005","IM23/011",true,false,"ซ่อมไม่ได้","",""
"DM66/005","37544965A","06F1989604-003","","IM22-005","IM23/011",true,true,"","",""
"DM66/005","37544965A","06B2098708-047","","IM22-005","IM23/011",true,false,"ซ่อมไม่ได้","",""
"DM66/008","37544965A","06F1871333-027","","IM22-006","IM23/013",true,false,"ซ่อมไม่ได้","",""
"DM66/008","37544965AF","06C1264964-020","","IM22-006","IM23/013",true,false,"ซ่อมไม่ได้","",""
"DM66/008","37544965AF","06G1270709-016","","IM22-006","IM23/013",true,true,"","",""
"DM66/008","37544965AF","06B2098718-012","","IM22-006","IM23/013",true,false,"ซ่อมไม่ได้","",""
"DM66/008","37544965AF","06B2098717-050","","IM22-006","IM23/013",true,false,"ซ่อมไม่ได้","",""
"DM66/008","37544965A","06C1985915-003","","IM22-006","IM23/013",true,true,"","",""
"DM66/009","37544965A","06M1526937-016","","IM23-007","IM23/013",true,true,"","",""
"DM66/009","37544965A","06B2098676-038","","IM23-007","IM23/013",true,false,"ซ่อมไม่ได้","",""
"DM66/009","37544965A","06E2002042-014","","IM23-007","IM23/013",true,false,"ซ่อมไม่ได้","",""
"DM66/009","37544965AF","06K1156853-002","","IM23-007","IM23/013",true,false,"ซ่อมไม่ได้","",""
"DM66/009","37544995A","06B1629378-027","","IM23-007","IM23/013",true,false,"ซ่อมไม่ได้","",""
"DM66/009","37544965A","06A1863106-017","","IM23-007","IM23/013",true,true,"","",""
"DM66/009","37544965A","06C1264963-031","","IM23-007","IM23/013",true,true,"","",""
"DM66/010","37544965A","06F1989618-008","","IM23-010","IM23/013",true,true,"","",""
"DM66/010","37544965A","06B2098731-045","","IM23-010","IM23/013",true,true,"","",""
"DM66/010","37544995A","06E1268213-044","","IM23-010","IM23/013",true,false,"ซ่อมไม่ได้","",""
"DM66/010","37544965A","06B2098731-040","","IM23-010","IM23/013",true,false,"ซ่อมไม่ได้","",""
"DM66/010","37544965A","06A1803102-022","","IM23-010","IM23/013",true,true,"","",""
"DM66/010","37544965A","06F1989624-001","","IM23-010","",false,null,"","",""
"DM66/012","37544965A","R-11-10","","IM23-011","IM23/013",true,false,"ซ่อมไม่ได้","",""
"DM66/012","37544965AF","06F1989618-014","","IM23-011","IM23/013",true,false,"ซ่อมไม่ได้","",""
"DM66/013","37544965A","06B2098718-029","","IM23-012","IM23/013",true,false,"ซ่อมไม่ได้","",""
"DM66/013","37544965A","06C1261964-049","","IM23-012","IM23/013",true,false,"ซ่อมไม่ได้","",""
"DM66/014","37544965A","06E2002042-019","","IM23-013","IM23/017",true,false,"ซ่อมไม่ได้","",""
"DM66/014","37544965AF","06C1383531-025","","IM23-013","IM23/017",true,false,"ซ่อมไม่ได้","",""
"DM66/014","37544965AF","06F1871334-026","","IM23-013","IM23/017",true,false,"ซ่อมไม่ได้","",""
"DM66/014","37544965AF","06F1871317-040","","IM23-013","IM23/017",true,false,"ซ่อมไม่ได้","",""
"DM66/014","37544965AF","06J2140642-003","","IM23-013","IM23/017",true,true,"","",""
"DM66/014","37544965AF","06K2005167-042","","IM23-013","IM23/017",true,false,"ซ่อมไม่ได้","",""
"DM66/014","37544965AF","06B2098717-017","","IM23-013","IM23/017",true,false,"ซ่อมไม่ได้","",""
"DM66/015","37544965A","06E2002043-038","","IM23-013","IM23/017",true,false,"ซ่อมไม่ได้","",""
"DM66/015","37544965A","06B2098727-033","","IM23-013","IM23/017",true,true,"","",""
"DM66/015","37544965A","06C1985915-046","","IM23-013","IM23/017",true,false,"ซ่อมไม่ได้","",""
"DM66/015","37544965A","06K1758647-047","","IM23-013","IM23/017",true,false,"ซ่อมไม่ได้","",""
"DM66/015","37544965A","06B2098727-043","","IM23-013","IM23/017",true,true,"","",""
"DM66/015","37544990A","06M1644567-009","","IM23-013","IM23/017",true,false,"ซ่อมไม่ได้","",""
"DM66/015","37544965A","06F1520340-009","","IM23-013","IM23/017",true,false,"ซ่อมไม่ได้","",""
"DM66/016","37544965A","06F1989604-005","","IM23-015","IM23/017",true,false,"ซ่อมไม่ได้","",""
"DM66/016","37544965A","06B1498880-019","06B1496880-019","IM23-015","IM23/017",true,true,"","",""
"DM66/016","37544965A","06B2098676-018","","IM23-015","IM23/017",true,false,"ซ่อมไม่ได้","",""
"DM66/016","37544965AF","06B2098727-006","","IM23-015","IM23/017",true,true,"","",""
"DM66/018","37544965AF","06B1629322-031","","IM23-016","IM24/001",true,false,"ซ่อมไม่ได้","",""
"DM66/018","37544965A","06M1279277-042","","IM23-016","IM24/001",true,false,"ซ่อมไม่ได้","",""
"DM66/018","37544965A","06B2098722-006","","IM23-016","IM24/001",true,false,"ซ่อมไม่ได้","",""
"DM66/018","37544965A","06B2098726-021","","IM23-016","IM24/001",true,false,"ซ่อมไม่ได้","",""
"DM66/018","37544965AF","06B2098726-028","","IM23-016","IM24/001",true,false,"ซ่อมไม่ได้","",""
"DM66/019","37544965A","06F1989624-036","","IM23-017","IM24/001",true,false,"ซ่อมไม่ได้","",""
"DM66/019","37544965AF","06B2098716-004","","IM23-017","IM24/001",true,false,"ซ่อมไม่ได้","",""
"DM66/019","37544965AF","06F1871332-001","","IM23-017","IM24/001",true,false,"ซ่อมไม่ได้","",""
"DM66/019","37544965A","06F1388059-019","","IM23-017","IM24/001",true,false,"ซ่อมไม่ได้","",""
"DM66/019","37544965A","06F1871325-039","","IM23-017","IM24/001",true,false,"ซ่อมไม่ได้","",""
"DM66/021","37544965A","06F1871317-043","","IM23-023","",false,null,"","",""
"DM66/021","37544965A","06F1989618-005","","IM23-023","",false,null,"","",""
"DM66/021","37544965A","06F1871317-014","","IM23-023","",false,null,"","",""
"DM66/021","37544965A","06F1871335-026","","IM23-023","",false,null,"","",""
"DM66/023","37544965AF","06B2098675-005","","IM23-026","",false,null,"","",""
"DM66/023","37544965AF","06F1388059-049","","IM23-026","",false,null,"","",""
"DM66/023","37544965A","06A1863101-035","","IM23-026","",false,null,"","",""
"DM66/023","37544965AF","06B1629322-024","","IM23-026","",false,null,"","",""
"DM66/024","37544965A","06J2253863-008","","IM23-27","",false,null,"","",""
"DM66/024","37544965A","06J2253863-009","","IM23-27","",false,null,"","",""
"DM66/025","37544965AF","06F1871331-025","","IM23-028","",false,null,"","",""
"DM66/025","37544965A","06B2098727-039","","IM23-028","",false,null,"","",""
"DM66/026","37544965A","06B2098731-045","","IM23-030","",false,null,"","",""
"DM66/026","37544965A","06B2098717-048","","IM23-030","",false,null,"","",""
"DM66/026","37544965A","06A1863104-028","","IM23-030","",false,null,"","",""
"DM66/026","37544965A","06B2098717-049","","IM23-030","",false,null,"","",""
"DM66/026","37544965A","06J2253863036","","IM23-030","",false,null,"","",""
"DM66/026","37544965A","06B2098727-029","","IM23-030","",false,null,"","",""
"DM66/027","37544965AF","06C1264963-028","","IM24-001","",false,null,"","",""
"DM66/027","37544965A","06J2253863014","","IM24-001","",false,null,"","",""
"DM66/027","37544965A","06F1871332-023","","IM24-001","",false,null,"","",""
"DM66/027","37544965AF","06B2098675-001","","IM24-001","",false,null,"","",""
"DM66/027","37544965AF","06F1388059-015","","IM24-001","",false,null,"","",""
"DM66/027","37544965AF","06E2248938-022","","IM24-001","",false,null,"","",""
"DM66/027","37544965AF","06B2098718-024","","IM24-001","",false,null,"","",""
"DM66/027","37544965A","06E2248936049","","IM24-001","",false,null,"","",""
"DM67/003","37544965A","06B2098727-027","","IM24-004","",false,null,"","",""
"DM67/003","37544990A","06A1261346-031","","IM24-004","",false,null,"","",""
"DM67/003","37544995A","327923-010","","IM24-004","",false,null,"","",""
"DM67/003","37544965A","06H1152362-003","","IM24-004","",false,null,"","",""
"DM67/003","37544965A","06B2098726-044","","IM24-004","",false,null,"","",""
"DM67/006","37544965A","06D2247827-028","","IM24-005","",false,null,"","",""
"DM67/006","37544965A","06F1871333-029","","IM24-005","",false,null,"","",""
"DM67/006","37544965A","06M1526937-016","","IM24-005","",false,null,"","",""
"DM67/006","37544965A","06B2098675-006","","IM24-005","",false,null,"","",""